aback	569122
abaft	88265
abase	59717
abate	556861
abbey	1226638
abbot	1286914
abeam	57854
abhor	350837
abide	2045368
abled	26370
abler	157459
abode	2270204
abord	179949
abort	359280
about	518691745
above	122816193
abuse	12446732
abuts	88292
abyss	1271875
ached	643936
aches	484160
acids	9796956
acini	121509
acorn	286442
acres	10212032
acrid	406537
acted	11070215
actin	747157
actor	6801959
acute	13989056
adage	437320
adapt	3827541
added	51256451
adder	348617
adept	996081
adieu	421648
admin	175081
admit	13555676
adobe	563456
adopt	9432563
adore	810680
adorn	870817
adult	18953843
adzes	82362
aegis	441381
aeons	125464
affix	383929
afire	220198
afoot	452780
afore	448118
afoul	156006
after	313128788
again	147480388
agape	230732
agate	252325
agave	69406
agent	22819955
agers	183211
agile	502392
aging	4148868
aglow	186393
agony	2893283
agora	138867
agree	20325006
ahead	16553014
aided	4124927
aider	73022
aides	1093045
ailed	82051
aimed	8169576
aimer	58393
aired	559313
aisle	1591720
alarm	6043819
album	1999387
alder	303872
alert	4442385
algae	1752152
algal	520645
alias	983630
alibi	412826
alien	5688679
align	918625
alike	9853143
alive	14541037
alkyd	71552
alkyl	562164
allay	616758
alley	1604089
allot	224177
allow	35472408
alloy	2940649
allyl	106823
aloes	158788
aloft	1098380
alone	60247420
along	89198063
aloof	1320786
aloud	4121604
alpha	2666941
altar	5804423
alter	7545149
altho	194503
altos	51826
alway	131476
amass	232036
amaze	224291
amber	1083630
ambit	237663
amble	76975
amend	1936310
amici	77667
amide	363141
amigo	105259
amine	623714
amino	6431128
amiss	781237
amity	454195
among	139706142
amour	492786
ample	5483777
amply	1539422
amuck	53736
amuse	1222560
anent	116254
angel	4740937
anger	11925620
angle	18463003
anglo	52126
angry	10860508
angst	156942
anima	426896
anime	74288
animi	108605
anion	824309
anise	129518
ankle	2150533
annas	193031
annex	758153
annoy	580817
annul	358668
anode	1469144
antes	181501
antic	87781
anvil	475240
aorta	1710257
apace	399986
apart	19958299
aphid	288253
aphis	53844
aping	88670
apnea	411972
appel	92994
apple	4363367
apply	27322797
appro	72830
appui	60575
apres	389794
apron	1280095
apses	77676
aptly	1102383
aquae	50533
arbor	314687
archi	50441
ardor	700120
areal	322741
areas	64551874
areca	68042
arena	3338506
arete	79011
argon	737130
argot	88972
argue	11436576
arias	218119
arise	14885071
armed	14018449
armor	1801383
aroma	787700
arose	9556135
arras	93412
array	8294193
arrow	4962452
arson	469160
artis	58111
artsy	28562
ascot	14221
ascus	61648
ashen	228200
ashes	3372326
aside	15316963
asked	86128921
askew	166320
aspen	309010
assai	79047
assay	2486137
asses	554533
asset	6097579
assez	266661
aster	293907
astir	133486
atlas	698997
atman	128625
atoll	187590
atoms	8870096
atone	454287
atony	83424
atopy	50428
atria	240061
attic	1180185
audio	3022835
audit	3242239
auger	193155
aught	799578
augur	151280
aunts	746434
aunty	38066
aural	402862
auras	84694
autos	274170
auxin	289767
avail	3014229
avant	1470494
avers	171664
avert	1156944
avian	478316
avoid	28444615
avows	89913
await	2253736
awake	4271676
award	5305013
aware	25321510
awash	197395
awful	5244141
awoke	1810254
axial	2644731
axils	105828
axiom	1060629
axion	12776
axles	311259
axons	898022
azide	121702
azote	60901
azure	534398
babel	68427
babes	372543
backs	3482112
bacon	1495541
badge	1183927
badly	7669222
bagel	91518
baggy	283359
bairn	84174
baits	217710
baize	98325
baked	2086408
baker	735316
bakes	69986
baled	76153
baler	32004
bales	819020
balks	61549
balls	4264194
balmy	295897
balsa	88461
banal	447885
banco	54717
bands	8206174
bandy	88624
bangs	207693
banjo	273889
banks	20379289
banns	113219
barbs	222322
bards	347869
bared	399907
barge	1047896
barks	354101
barns	777012
baron	977032
barre	58504
basal	3691278
based	91482026
baser	235895
bases	7759563
basic	43213249
basil	425872
basin	5406636
basis	60038952
bason	58374
basso	148221
baste	104331
batch	2467881
bated	104024
bathe	874507
baths	2136643
batik	102107
baton	382995
batty	23663
bawdy	208828
bayou	140390
bazar	81892
beach	7761163
beads	2842153
beady	101004
beaks	317081
beams	4046462
beans	4113359
beard	3193051
beare	101712
bears	8506795
beast	4081020
beats	2295900
beaux	207056
bebop	80028
beech	741044
beefy	89552
beeps	60182
beers	443387
beets	536100
befit	73927
began	81371169
begat	202436
beget	386921
begin	32852663
begot	186058
begun	16535299
beige	381631
being	296860034
belay	64922
belch	80199
belie	216424
belle	460644
bells	3143629
belly	3261321
below	57806069
belts	1806860
bench	4662033
bends	1196861
bents	63130
beret	136743
bergs	72189
berry	615126
berth	693312
beryl	103994
beset	1441511
betas	77772
betel	290370
bevel	371069
bezel	47115
bible	481082
bicep	31672
biddy	17652
bided	66783
bight	91220
bigot	169658
biker	96748
bikes	408489
bilge	154194
bills	8002055
billy	132288
binds	1830887
binge	343838
bingo	171536
biome	84774
biota	217681
biped	81671
birch	1116169
birds	17186793
birth	25765335
bison	530607
bitch	1413686
bites	1097451
bitty	38912
black	66297083
blade	4512478
blame	7727688
bland	767763
blank	6152972
blare	113564
blase	99299
blast	3246784
blaze	1352020
bleak	1365566
bleat	78444
blebs	70012
bleed	962191
bleep	19628
blend	2664717
bless	3042841
blest	453500
blimp	50029
blind	11501356
blink	569385
bliss	1813996
blitz	159090
bloat	64953
blobs	136599
block	18455632
blocs	465538
blogs	140668
bloke	188160
blond	1636074
blood	65716248
bloom	2423354
blots	237998
blown	3855493
blows	3378945
bluer	86432
blues	1751605
bluff	1195792
blunt	1919509
blurb	78334
blurs	186116
blurt	92539
blush	1278450
board	32385291
boars	203637
boast	2323295
boats	8575589
bobby	74839
boded	82231
bodes	64761
bogey	136110
boggy	160662
bogie	73785
bogus	386829
boils	724726
boles	58997
bolls	105095
bolts	1851201
bolus	424998
bombs	2645815
bonds	12864912
boned	264433
bones	11073267
boney	14744
bongo	36225
bonne	282947
bonny	142426
bonus	2120444
boobs	64039
booby	194837
booed	77120
books	48204161
booms	363068
boons	86147
boors	64826
boost	1587746
booth	1230973
boots	4490489
booty	901785
booze	349865
boozy	30525
borax	316661
bored	2596408
borer	261400
bores	327032
boric	269719
borne	7851826
boron	724541
bosom	3218302
boson	119054
bossy	125354
botch	43848
bough	411307
boule	49120
bound	26580092
bouse	98179
bouts	512734
bowed	3189806
bowel	2785182
bower	389802
bowie	66152
bowls	1605394
boxed	423983
boxer	380459
boxes	7055817
boyar	52420
brace	957125
bract	62393
brags	57179
braid	535085
brain	26079290
brake	2010126
brand	5800999
brane	54523
brash	246475
brass	4836858
brats	98620
brave	6664723
bravo	84676
brawl	270515
brawn	115305
bread	13442064
break	25509819
bream	119137
breed	3796008
breve	156348
brews	73701
briar	108865
bribe	1006470
brick	6371906
bride	4848060
brief	21275759
brier	60994
brigs	107630
brims	67405
brine	797772
bring	50747169
brink	1187241
briny	73374
brisk	1220701
broad	24309069
broil	119588
broke	15618130
bromo	73970
brood	1310263
brook	1535911
broom	868489
broth	1313290
brown	17186595
brows	1143249
bruit	165727
brunt	544241
brush	5830350
brute	1698058
bucks	746319
buddy	746535
budge	398694
buffs	116886
buffy	90335
buggy	648249
bugle	363248
build	21626712
built	43272925
bulbs	1385180
bulge	620267
bulks	62677
bulky	1056322
bulla	106273
bulls	1220717
bully	786891
bumps	507629
bumpy	224251
bunch	2956868
bunds	54778
bunks	273376
bunny	157753
buoys	271080
buret	63067
burgh	309031
burin	75598
burly	446926
burns	2433118
burnt	4418621
burro	115290
burrs	120959
bursa	308854
burst	7715926
bused	47062
buses	1890858
bushy	561937
busts	416756
butch	119700
butte	67628
butts	407428
butyl	381921
buxom	137997
buyer	5309618
bylaw	112054
bytes	1453555
byway	59942
cabal	196926
cabby	50392
cabin	5271800
cable	6954547
cacao	372807
cache	1479958
cacti	193929
caddy	75703
cadet	453354
cadre	762906
caeca	57064
cafes	714817
caged	346514
cages	840901
cagey	44639
cairn	245891
caked	181794
cakes	1877048
calls	21602988
calms	236671
calyx	431371
camel	1519013
cameo	187722
campo	210496
camps	5401669
canal	8102630
candy	1883160
caned	53318
canes	563139
canna	105679
canny	191518
canoe	2611790
canon	2738498
canst	522469
canto	398114
caper	127676
capes	232534
capon	63092
caput	219276
carat	147175
carbo	54459
carbs	61230
cards	10376717
cared	4712515
carer	153725
cares	3056472
caret	86964
cargo	4777427
carob	65875
carol	152862
carpi	209928
carry	33059682
carta	130463
carte	353878
carts	1434135
carve	690329
casas	67942
cased	189282
cases	99617787
casks	460694
caste	4815422
casts	1992758
casus	124329
catch	11886259
cater	689223
catty	55233
cauda	126467
caulk	46435
causa	621544
cause	78257304
caved	170900
caves	1994920
cavil	157133
cease	6702947
cecal	54642
cecum	191254
cedar	1259589
ceded	976831
cedes	60690
cella	124571
cello	458289
cells	53657647
celts	66291
cento	64075
cents	7181839
cesse	65095
chace	65349
chafe	122747
chaff	541617
chain	16638268
chair	17042271
chalk	1992116
champ	216820
chang	235436
chant	1278023
chaos	4214704
chaps	787194
chard	89548
charm	5448113
chars	62607
chart	7869792
chary	119204
chase	2828043
chasm	782121
chats	189023
cheap	6661257
cheat	1056822
check	22118829
cheek	4695914
cheer	2126398
chefs	312494
chela	55269
chemo	104725
chere	76229
chert	426920
chess	1355909
chest	12034879
chews	105408
chewy	56373
chiao	60741
chick	1096727
chide	146927
chief	36818361
child	95848714
chile	226129
chili	444389
chill	2184431
chime	255599
chimp	93124
china	1394328
chine	92057
ching	260492
chink	191405
chins	179533
chips	2504038
chirp	180223
chock	108455
choir	2523669
choke	832641
chops	462958
chord	2245519
chore	440232
chose	10395419
chuck	401911
chump	44118
chums	129098
chunk	639288
churl	60523
churn	280739
chuse	234711
chute	448316
chyle	123758
chyme	90587
cider	662066
cigar	1788404
cilia	532441
cinch	118142
circa	1123096
cirri	91826
cited	13465105
cites	1980305
civet	64233
civic	4099321
civil	28472935
clack	99409
clade	89591
claim	34809988
clamp	1088848
clams	470443
clang	245149
clank	98616
clans	1346756
claps	138691
clash	2036312
clasp	700386
class	86172518
clave	54827
claws	1394912
clays	1163093
clean	16079203
clear	75774432
cleat	91609
cleft	1492004
clerk	6703119
click	7934921
cliff	2639396
climb	4715966
clime	284075
cling	1528103
clink	145455
clips	970795
cloak	2516219
clock	7058684
clods	175928
clogs	181945
clone	731806
close	68299723
cloth	11978071
clots	400778
cloud	7671945
clout	421771
clove	412454
clown	855506
cloze	63424
clubs	5253175
cluck	62133
clued	22855
clues	2223684
clump	675687
clung	2049784
coach	5029461
coals	1491028
coast	19725111
coats	2624164
cobra	256203
cocci	189510
cocks	513306
cocky	198178
cocoa	1448343
codec	86455
coded	2037107
coder	140700
codes	5747985
codex	219094
codon	352839
coils	2104552
coins	4456817
colds	521064
colic	598078
colon	2618952
color	30540221
colts	166274
combo	208576
combs	548643
comer	677254
comes	44781057
comet	1083371
comfy	74915
comic	4092602
comma	990935
compo	51470
comps	66330
comte	173516
conch	271536
condo	227580
cones	1510103
conic	277273
conte	90293
conto	54754
conus	83062
cooed	107626
cooks	1031252
cools	474199
coops	96128
copal	95053
coped	230207
copes	118838
copra	248809
copse	187966
coral	2122452
coram	156321
cords	1759994
cored	183295
corer	32645
cores	1380303
corks	165727
corms	64816
corns	150590
cornu	98715
corny	109813
corps	5304983
corse	61999
corso	53570
costa	165855
costs	39879480
cotta	384262
couch	2687337
cough	2565272
could	437310555
count	13782921
coupe	209213
coups	343679
cours	396004
court	63878800
coven	80648
cover	27719660
coves	164209
covet	318491
covey	85252
cowed	251103
cower	87432
coxae	99095
coxal	52259
coyly	107516
crabs	809376
crack	5142486
craft	6170548
crags	353228
cramp	324372
crane	944556
crank	1180473
crape	123826
craps	80162
crash	3146066
crass	238186
crate	469277
crave	573203
crawl	1376828
craze	446721
crazy	4630215
creak	252529
cream	6878858
credo	328682
creed	3004557
creek	2574480
creel	60230
creep	2208041
creme	144711
crepe	283001
crept	2168890
cress	104702
crest	3032006
crews	2168938
cribs	147551
crick	40546
cried	12865478
crier	144497
cries	4343558
crime	19143118
crimp	103269
crise	102950
crisp	1419194
croak	148054
crock	121951
croft	82006
crone	117489
crony	100762
crook	544021
crops	10440753
crore	341623
cross	35098156
croup	241085
crowd	13261146
crown	11151960
crows	624650
crude	5974581
cruel	6441922
crumb	243784
crump	12359
crura	95135
crush	2096146
crust	2896769
crypt	483750
cubed	107091
cubes	1023784
cubic	4299977
cubit	135686
cuffs	505555
culms	55819
culpa	136030
cults	979381
culty	60426
cumin	199057
curbs	210034
curds	149052
cured	3188167
cures	1178427
curia	204652
curie	50713
curio	86277
curls	1139801
curly	898765
curry	501223
curse	3470696
curve	18629289
curvy	44911
cusps	324561
cutie	22957
cutis	105896
cyber	189429
cycle	18169054
cyclo	57938
cynic	243225
cysts	1475275
czars	50454
dacha	66900
daddy	899130
daily	30249828
dairy	2831886
daisy	337502
dales	113551
dalle	111133
dally	139025
dames	254817
damps	70714
dance	13356066
dandy	373138
dared	3900285
dares	698411
darks	55248
darts	587210
dated	10178913
dates	8734995
datos	67869
datum	844177
daunt	81763
dawns	230535
dazed	697384
deals	7197181
dealt	9900759
deans	304912
deare	66182
dears	120416
death	96189896
debar	92979
debit	803632
debts	6121415
debug	259502
debut	993014
decal	45532
decay	6615590
decks	1195479
decor	666016
decoy	276668
decry	191886
deeds	5874862
deems	721508
deeps	185944
defer	1021351
deify	54254
deign	214900
deism	130400
deist	73336
deity	2806939
delay	13061271
dells	65907
delta	1987130
delve	338123
demes	53855
demon	1874746
demos	164531
demur	203183
denim	247571
dense	5996161
dents	253062
deoxy	85203
depot	1369944
depth	19324687
derby	111397
dered	107371
desks	986374
deter	1495949
detox	46108
deuce	207980
devas	79902
devel	115101
devil	6378369
dhoti	65928
dials	317328
diary	4267741
diazo	84467
diced	403036
dicey	33582
dicta	384857
didst	702962
diene	78599
diets	1811447
digit	2043305
dikes	470675
dildo	50595
dilly	36234
dimer	356484
dimes	175442
dimly	1220617
dinar	72840
dined	1442600
diner	341663
dines	104495
dingo	54188
dingy	552031
dinna	88702
diode	1411051
dirge	197888
dirty	5707431
disco	314877
discs	1356225
disks	1795912
ditch	2348514
dites	60598
ditto	936467
ditty	148702
divan	268926
dived	500345
diver	598772
dives	383702
dixit	113176
dizzy	796260
docks	1142137
dodge	410383
dodgy	34248
doers	307202
doest	90424
doeth	234434
doggy	56163
dogma	1833042
doing	53449709
dolce	97307
doled	115106
doles	78238
dolls	1184022
dolly	138491
dolor	108833
domed	414073
domes	743513
donee	405116
donna	282610
donne	351678
donor	3672564
donut	82539
dooms	79813
doors	11621250
doped	672051
dopey	35646
dorms	123032
dosed	147744
doses	5747136
doted	90587
doubt	43016792
douce	82876
dough	1763249
douse	56111
doves	570918
dowdy	86001
dowel	216240
dower	544351
downs	962166
downy	326413
dowry	962296
doyen	74206
dozed	308590
dozen	10119414
draft	8706296
drags	416034
drain	4033255
drake	84589
drama	9750760
drams	110555
drank	3954891
drape	234076
drawl	196601
drawn	31974235
draws	5348662
drays	57895
dread	3607470
dream	17073189
drear	100959
dregs	351876
dress	14794107
drest	78609
dried	7894020
drier	714416
dries	534781
drift	4609656
drill	3677739
drily	193013
drink	16037613
drips	188533
drive	22393326
droit	951357
droll	278402
drone	398525
drool	74074
droop	298982
drops	6351646
dropt	104224
dross	252038
drove	10374840
drown	996088
drugs	15729858
druid	49404
drums	2294864
drunk	5156123
dryer	546639
dryly	427352
ducal	308399
ducat	66180
duces	107645
duchy	504380
ducks	1576089
ducts	1708393
dudes	93929
duels	252855
duets	158418
dukes	517282
dulce	66480
dulls	63995
dully	203062
dummy	1284873
dumps	450610
dumpy	80890
dunce	115203
dunes	1052943
dunno	151783
duped	306396
dupes	199301
duple	71474
dural	209031
durst	397302
durum	85094
dusky	781652
dusts	220084
dusty	1851842
dutch	58532
duvet	49382
dwarf	1569151
dwell	4002799
dwelt	2168167
dyads	217863
dyers	111243
dying	10516860
dykes	406911
dynes	134462
eager	7314732
eagle	2297473
eared	317603
earls	374024
early	115507573
earns	785397
earth	47722340
eased	1451623
easel	396878
eases	359373
eaten	5498369
eater	465364
eaves	533151
ebbed	202245
ebony	427796
eclat	104851
edema	2139969
edged	1871304
edges	7974622
edict	1157664
edify	110039
edits	231444
eerie	621985
egged	83745
egret	54768
eider	68277
eidos	53092
eight	37200421
eject	281127
ejido	97705
eking	62436
eland	89685
elate	52080
elbow	3325949
elder	5030349
elect	3942180
elegy	356074
elfin	92871
elide	35139
elite	6380746
elope	91795
elude	551261
elute	64609
elves	236587
email	1429818
embed	242944
ember	103570
emcee	38769
emend	50162
emery	176932
emirs	76669
emits	505942
empty	15686903
enact	1352034
ended	16168374
endow	486818
enema	400775
enemy	30590547
enjoy	15982619
ennui	277570
enrol	147530
ensue	1023609
enter	27119931
entry	17568697
enure	53389
envoy	1132270
eosin	249153
ephod	52848
epics	499207
epoch	3055916
epoxy	638434
equal	49538069
equip	830318
erase	906029
erect	3898663
ergot	194955
ering	59337
erode	454694
erred	733445
error	25955688
erupt	370498
essay	9794133
ester	966516
ether	3428117
ethic	1708575
ethos	1272956
ethyl	1124314
etude	180102
euros	130540
evade	1178051
event	33223023
every	175474652
evict	154095
evils	4571509
evoke	1537672
exact	14593110
exalt	573920
exams	992492
excel	954050
exert	3832738
exile	4887327
exist	30048678
exits	801187
exons	152078
expel	990207
extol	247046
extra	15328710
exude	145192
exult	165433
eying	60910
eyrie	62510
fable	1293448
faced	13472568
faces	13554388
facet	1180873
facta	169090
facts	32434878
faded	3291462
fader	68821
fades	752977
faery	64476
fails	7913866
faint	5489467
fairs	989367
fairy	2813347
faith	40448396
faked	217972
fakes	125344
fakir	75052
falls	12726814
false	20912546
famed	1090707
fames	69791
fancy	7397337
fangs	423134
fanny	57545
farce	1054546
fared	809927
fares	1000631
farms	7481121
farts	51133
fasts	297428
fatal	7998042
fated	899931
fates	499736
fatty	3927061
fatwa	62906
fault	11953539
fauna	1830291
favor	16332366
fawns	111135
faxed	92984
faxes	131088
fayre	54199
feare	159687
fears	8496238
feast	4533126
feats	889114
fecal	629604
feces	859481
fecit	149169
feeds	2072692
feels	11100423
feign	235894
feint	195240
fella	223464
fells	107944
felon	278565
felts	59125
femme	538571
femur	1041647
fence	4733487
feral	222098
ferns	863527
ferry	1722837
festa	66662
fetal	3383556
fetch	2147075
feted	116995
fetes	145003
fetid	258283
fetus	2296841
feuds	551275
fever	10804178
fewer	9264109
fiber	6200663
fibre	2802733
fibro	135365
fiche	66906
ficus	35266
fides	270259
fiefs	290750
field	78290883
fiend	446385
fiery	2417777
fifes	58530
fifth	12750860
fifty	21625580
fight	23154961
filed	7406967
filer	46770
files	11813390
filet	106886
filii	68575
fille	161844
fills	2692029
filly	130213
films	10702944
filmy	139190
filth	958035
final	44530807
finch	117564
finds	15990491
fined	1163991
finer	2822120
fines	1993988
finis	120309
fiord	82350
fired	8145671
fires	5265729
firms	17994232
first	407769880
fishy	168790
fists	1258878
fitly	297509
fiver	50887
fives	221790
fixed	33568857
fixer	147106
fixes	964471
fizzy	33774
fjord	208107
flack	27219
flags	2347465
flail	178110
flair	488955
flake	524552
flaky	150224
flame	6800010
flank	2775508
flaps	917803
flare	1051806
flash	4552547
flask	2018371
flats	1550778
flaws	1198095
fleas	510528
fleck	56001
flees	288643
fleet	8873707
flesh	12353123
fleur	144952
flick	342361
flier	157032
flies	4413502
fling	758329
flint	1327370
flips	166867
flirt	312840
flits	80933
float	3118335
flock	3082410
floes	170274
flood	6550044
floor	30754851
flops	265089
flora	1761863
floss	197180
flour	5373237
flout	121962
flown	1700852
flows	9792915
flues	252587
fluff	172033
fluid	17145338
fluke	230563
flume	169394
flung	3032593
flunk	49368
fluor	58447
flush	2057097
flute	1433165
flyer	327843
foals	155002
foams	225862
foamy	148065
focal	3891789
focus	26155988
foggy	407923
foils	266945
foist	78938
folds	2911814
folia	81153
folic	405973
folie	74103
folio	1215385
folks	3752597
folly	3468247
fonds	118701
fonts	713161
foods	8248975
fools	1702746
foray	276073
forbs	53249
force	79849229
fords	159512
forge	1269380
forgo	369624
forks	834972
forme	677680
forms	64805801
forte	569460
forth	29824767
forts	2029089
forty	20236732
forum	2652914
forza	51050
fossa	1091822
fosse	154031
foule	80755
fouls	109282
found	216840626
fount	243400
fours	554912
fovea	219007
fowls	814779
foxes	716087
foyer	505575
frail	1580788
frame	17738059
franc	621500
frank	2289436
fraud	4854485
freak	605989
freed	3920079
freer	941927
frees	492471
frere	58503
fresh	23690719
frets	137251
friar	665934
fried	1422894
fries	338007
frill	118969
frisk	83089
fritz	12245
frock	629214
frogs	1248546
frond	176093
frons	51557
front	52236249
frost	2500626
froth	383536
frown	1169882
froze	983070
fruit	16402629
fudge	192779
fuels	1833383
fugal	68602
fugue	357392
fully	35428541
fumed	204806
fumes	1140512
funds	21600717
fungi	2104087
funky	129652
funny	4482098
furor	245895
furry	286316
furze	113263
fused	2066267
fuses	576141
fussy	309080
fuzzy	1740363
gable	507969
gaffe	44631
gaged	52608
gages	254620
gaily	728304
gains	8460898
gaits	62790
gales	415166
galls	252438
gamer	25645
games	10153569
gamma	1975362
gamut	501373
gangs	1380892
ganja	50198
gaols	102779
gaped	246854
gases	5885651
gasps	269293
gassy	28943
gated	401073
gates	5863803
gaudy	538509
gauge	3768046
gaunt	587056
gauss	124739
gauze	1061008
gauzy	83382
gavel	145873
gawky	60181
gayer	94063
gayly	163478
gazed	2775313
gazer	45358
gazes	381416
gears	1162687
gecko	52703
geeky	15699
geese	1166968
genes	7424345
genie	215645
genii	160211
genom	51903
genre	3774681
gents	115635
genus	4575162
geoid	75472
germs	1334766
gesso	86127
geste	98109
ghats	52231
ghost	3581688
ghoul	53748
giant	6709765
gibes	76081
giddy	529297
gifts	9052692
gigas	84888
gilds	168611
gills	708619
gilts	69003
gimme	57646
gipsy	226256
girls	25081035
girly	27369
girth	416436
given	176300127
giver	842926
gives	46210156
glace	69327
glade	269036
gland	4632925
glans	229620
glare	1649447
glass	28549833
glaze	1009281
gleam	1260347
glean	271525
glebe	135958
glens	181046
glial	362080
glide	961014
glint	362802
gloat	106900
globe	4341471
gloom	2358967
glory	13237889
gloss	1025729
glove	1175783
glows	327738
glued	801087
glues	127318
gluon	91095
glyph	138175
gnash	34535
gnats	169149
gnaws	64669
gnome	103137
goads	58782
goals	18207216
goats	2203561
godly	1051388
goers	200939
goest	92449
goeth	277089
going	101167429
golds	56700
golem	45145
golly	56353
gonad	160542
goner	38878
gongs	156579
gonna	2348316
goods	37531305
goody	102471
gooey	69850
goofy	103886
goons	73950
goose	1415165
gored	83213
gorge	1076357
gorse	149205
gotta	843076
gouge	178478
gourd	450267
gouty	247633
gowns	774350
grabs	451451
grace	14887458
grade	14224780
grads	53859
graft	2396126
grail	75906
grain	13814622
grama	70936
grams	2835052
grand	12804348
grant	14654660
grape	1551054
graph	5702813
grasp	6776889
grass	13236499
grate	767579
grave	12960591
gravy	447764
grays	167417
graze	548935
great	238480343
greed	1874455
greek	52480
green	29250002
greet	1842599
greys	105707
grids	621946
grief	6969322
grill	627222
grime	201570
grimy	319692
grind	1089474
grins	232022
gripe	122276
grips	885616
grist	316719
grits	220214
groan	936644
groat	134437
groin	647550
groom	1456098
grope	230209
gross	10501332
group	122243301
grout	264368
grove	1569914
growl	470298
grown	18968574
grows	7595864
grubs	247658
gruel	261773
gruff	292679
grunt	408236
guano	249660
guard	13069308
guava	103762
guess	10736244
guest	5964708
guide	17048305
guild	957702
guile	332450
guilt	7986901
guise	1457384
gulch	114419
gules	96336
gulfs	143621
gulls	562796
gully	458955
gulph	59604
gulps	114387
gumbo	78153
gumma	52674
gummy	134676
gunny	73662
guppy	24193
gurus	212427
gusto	404523
gusts	360568
gusty	114591
gutsy	51086
gutta	200785
gwine	115061
gypsy	523907
gyrus	431648
habit	12087491
hacks	170697
hadst	196429
haiku	175731
hails	154572
hairs	2664869
hairy	1160140
haled	65820
halls	2686792
halos	137832
halts	276093
halve	98643
hands	68875149
handy	1699201
hangs	1821221
hanks	89591
hanky	57347
haply	142870
happy	27542967
hardy	1617195
harem	541700
hares	394992
harks	80877
harms	422243
harps	241136
harpy	50451
harry	97027
harsh	4991361
hasta	358700
haste	2925749
hasty	2026518
hatch	1352468
hated	5250281
hater	160183
hates	1172821
hauls	204521
haunt	1105697
haute	223948
haven	1164243
haves	164890
havoc	1058652
hawks	566418
hazel	539935
heads	18355198
heady	458376
heals	383707
heaps	1268419
heard	59900855
heare	151137
hears	2803998
heart	74933579
heath	601234
heats	845766
heave	540566
heavy	34309424
hedge	2145226
heeds	67015
heels	3131473
hefty	306756
heirs	3636218
heist	41918
helix	972518
hello	803809
hells	179235
helps	10547962
hence	18179651
henna	91503
henry	114174
herbs	2378826
herds	2080156
heres	53236
heron	287853
heros	59402
hertz	132183
hewed	143763
hides	2051008
highs	323064
hight	90842
hiked	199651
hiker	101752
hikes	254526
hilar	126394
hills	11284087
hilly	826291
hilum	154959
hilus	67732
hinds	84780
hinge	1084364
hints	2389094
hippo	98788
hippy	49269
hired	6160613
hirer	82688
hires	417279
hitch	608759
hives	427486
hoard	596749
hoary	384446
hobby	1013256
hocks	79100
hocus	69136
hogan	74971
hoist	506311
holds	14795978
holed	232814
holes	8341661
holly	335280
homed	55191
homer	88222
homes	13254369
homey	127186
homme	741704
honed	265596
hones	58615
honey	4486874
honky	64073
honor	13070180
hoods	340406
hoofs	598873
hooks	1640773
hoops	412370
hoots	85884
hoped	13809716
hopes	11253256
horas	71979
horde	524399
horns	2954232
horny	475585
horse	25760709
hoses	316191
hosts	3331824
hotel	11484254
hotly	666842
hound	742178
hours	57274557
house	104979102
hovel	222745
hover	515093
howdy	21496
howls	268761
hulks	123999
hulls	381427
human	121966126
humic	286421
humid	1245870
humor	5274002
humph	10248
humps	121884
humus	655540
hunch	391942
hunks	65165
hunky	26318
hunts	498524
hurls	131095
hurly	82074
hurry	4301569
hurts	1225174
husks	297875
husky	488430
hussy	73040
hutch	82358
hydra	159863
hydro	609265
hyena	202019
hymen	151660
hymns	2038149
hyoid	290043
hyped	55141
hyper	528200
hypha	60665
icily	86341
icing	381969
icons	1164635
ictal	63204
ideal	21261014
ideas	45664348
idees	87120
ident	50477
idiom	1294813
idiot	1220091
idled	82931
idler	189771
idols	1371721
idyll	202302
igloo	88325
ileal	155044
ileum	413540
ileus	179704
iliac	995047
ilium	297494
image	38549226
imago	196871
imams	74995
imbue	143850
impel	261247
imply	6729952
inane	187972
inbox	36332
incur	1426928
incus	102080
index	17995508
india	200414
indie	66295
inept	468201
inert	1736932
infer	2698489
infix	52052
infra	2063544
ingot	318309
inked	161834
inlay	248598
inlet	1960491
inner	20367065
input	18156894
inset	452572
intel	83560
inter	7171868
intra	2437518
intro	283806
inure	89363
iodin	61940
ionic	1944396
irate	297405
irked	148507
irons	899497
irony	3446264
isles	425408
islet	452279
issue	49267503
itchy	165599
items	23805226
ivory	2264746
jacks	342625
jaded	298243
jagir	53780
jails	585448
jambs	146656
james	105873
japan	127835
jaunt	138166
jawed	125054
jazzy	48444
jeans	1574970
jeeps	166369
jeers	163564
jelly	1213819
jenny	82710
jerks	350863
jerky	322696
jerry	80939
jests	272378
jetty	317382
jeune	192381
jewel	1112880
jibes	80115
jiffy	55711
jihad	330715
jnana	80443
jocks	60435
joins	2239474
joint	22140795
joist	164021
joked	518637
joker	163188
jokes	2261182
jolly	1053524
jolts	94514
joule	116099
jours	347234
joust	77933
jowar	64015
jowls	76682
judge	22454861
juice	5620879
juicy	482897
jumbo	187983
jumps	1226642
jumpy	127549
junks	204556
junta	496533
junto	92351
jural	79315
juror	546480
kanji	62738
kappa	151166
karma	801975
karst	164707
kayak	187343
kebab	35430
keels	120318
keeps	7485049
ketch	118542
keyed	586013
khadi	130512
khaki	467584
khans	69455
kicks	600504
kills	1848831
kilns	426677
kilos	306774
kilts	62365
kinda	320338
kinds	26629977
kings	8504212
kinks	150244
kinky	111911
kiosk	183502
kites	267873
kitty	153627
kivas	66465
knack	467717
knave	339561
knead	144029
kneed	109730
kneel	766300
knees	7449955
knell	243610
knelt	1584081
knife	7411308
knits	91936
knobs	436270
knock	3007961
knoll	354051
knots	2044199
knowe	87653
known	120210081
knows	25058980
koala	47250
kraal	259157
kraft	112209
krill	101742
kudos	70425
kulak	77956
label	6388356
labia	272919
labor	41755234
laced	779601
laces	356145
lacks	3449180
laden	2562735
ladle	301337
lager	136274
laird	228394
lairs	68245
laity	1148084
lakes	4980379
lakhs	933056
lamas	152960
lambs	1063914
lamed	76030
lames	142213
lamps	3408448
lance	1180052
lande	55676
lands	20289173
lanes	1404925
lanky	217435
lapel	190722
lapis	201654
lapse	2257100
larch	239623
large	164455733
largo	226861
larks	160043
larva	1216895
laser	5587397
lasso	148690
lasts	2092589
latch	729193
lated	165950
later	121832459
latex	819899
lathe	618439
laths	123286
latte	55836
latus	67428
lauds	103094
laugh	8848394
lavas	355846
laver	73227
lawns	813384
layed	56711
layer	20103414
leach	172334
leads	20320284
leafy	778265
leaks	903213
leaky	373080
leans	723598
leant	333582
leaps	1025599
leapt	869904
learn	35678407
lease	6401195
leash	476990
least	108886968
leave	53194543
leben	75284
ledge	1297895
leech	254334
leeks	168225
leery	88167
lefty	31164
legal	40043949
leges	147595
legge	66121
leggy	50392
legit	55876
lemma	296455
lemon	2454302
lemur	58684
lends	1497116
leper	366643
levee	421387
level	103158911
lever	2520201
lexis	62965
liana	59376
liang	105322
liars	357173
libel	1445728
liber	248575
libra	50971
libri	239010
licit	97524
licks	200703
lidar	56844
liege	212859
liens	555194
lieve	75240
lifes	125579
lifts	1430987
light	102237666
ligne	131206
liked	12049634
liken	161728
likes	4532161
lilac	490289
limbo	354294
limbs	5065290
limed	60351
limes	320753
limit	21230504
lined	5077309
linen	3462747
liner	1024045
lines	56771451
linga	88268
lingo	155776
links	9176562
lions	1847384
lipid	2269198
lists	9897950
liter	1457068
lithe	299828
litho	51877
litre	711611
lived	36974863
liven	75125
liver	11098789
lives	39451964
livid	424499
livre	353764
llama	177963
loads	4718394
loams	137443
loamy	191241
loans	9815925
loath	473731
lobar	160777
lobby	2491264
lobed	320672
lobes	1686353
local	84330240
lochs	86072
locis	80647
locks	2250144
locum	162275
locus	2798430
lodes	149933
lodge	2681452
loess	354232
lofts	100880
lofty	3703199
logic	13569774
login	478204
logon	169474
logos	593344
loins	590428
loner	177712
longa	99751
longe	161821
longs	538786
looks	19626754
looms	998587
loons	77423
loony	69213
loops	2317847
loopy	25975
loose	10950232
loped	73348
lords	3745397
lorry	451171
loser	695606
loses	4146050
lossy	85933
lotta	57917
lotus	964489
louis	161717
louse	295197
lousy	508928
loved	18667895
lover	7041018
loves	5715293
lowed	156401
lower	65593132
lowly	1080421
loyal	5254499
lucid	1028352
lucky	4672237
lucre	116153
ludic	57791
lulls	96566
lumen	1373445
lumps	895032
lumpy	256795
lunar	1561412
lunch	7795339
lunge	196444
lungs	5545670
lupus	762125
lurch	308264
lured	683156
lures	316411
lurid	518144
lurks	313396
lusts	464461
lusty	395127
lutea	174157
lutes	70021
lyase	80448
lycee	60966
lying	15533611
lymph	2876067
lynch	167086
lyric	1627717
lysed	103961
lysis	504546
lytic	209505
macaw	55769
mache	160148
machi	118608
macho	339418
macro	2522410
madam	1037650
madly	606569
madre	130511
mafia	166413
mafic	161512
magic	7872461
magma	673541
maids	1086043
mails	890809
mains	765529
maize	2497393
major	70714876
maker	4333334
makes	61127147
malar	115305
males	9692916
malic	124760
malls	351657
mambo	34457
mamma	837867
mammy	128181
manas	80969
manes	193923
manga	87643
mange	142705
mango	473909
mangy	93188
mania	1097777
manic	749533
manly	1699755
manna	356270
manor	1691450
manos	103755
manse	154954
manus	168698
maple	1263410
marae	58746
march	9430979
mares	456237
marge	51493
maria	82958
marks	12546839
marls	153953
marly	64796
marry	9472334
marsh	1514957
marts	134729
maser	103353
masks	2040533
mason	498056
massa	135232
masse	611747
massy	136640
masts	807461
match	10867180
mated	442876
mater	734178
mates	1358041
matey	21314
maths	179914
matin	113907
matte	314936
maund	79273
mauve	291509
maxim	1675215
maybe	11420281
mayor	4427358
mayst	120371
mazes	241075
meads	61163
meals	5190057
mealy	123510
meane	119345
means	128439034
meant	31283673
meats	1190133
meaty	129622
mecca	94824
medal	1368021
media	21851418
medic	154370
meets	5410738
melee	233661
melon	450589
melts	971608
memes	122102
memos	356826
mends	56092
menus	1076728
mercy	8156882
merge	1743715
merit	8303332
merks	67810
merry	2396211
mesas	119312
meses	63660
mesic	64129
mesne	78526
meson	261725
messy	628374
metal	22181131
meted	401929
meter	4256723
metes	81435
metis	54922
metre	1523286
metro	315118
mezzo	177493
micas	80771
micro	3017149
midge	83874
midst	8917150
might	203545232
milch	143737
miles	44928795
milks	115298
milky	553344
mille	239137
mills	4562574
mimed	54161
mimeo	289675
mimes	91581
mimic	971187
minas	54817
mince	235975
minds	16410155
mined	1087027
miner	987465
mines	6927001
minim	90709
minis	74590
minor	16937654
mints	238270
minty	17299
minus	3050993
mired	243766
mires	53162
mirth	969839
miser	334765
missy	44885
mists	761937
misty	755163
miter	122337
mites	582890
mitre	205191
mitts	65898
mixed	18381432
mixer	805305
mixes	829359
mizen	57013
moans	337982
moats	96358
mocha	40388
mocks	227594
modal	1403406
model	67875257
modem	1958239
moder	441866
modes	9132331
modus	625517
mogul	80965
moire	89510
moist	3298270
molal	105824
molar	1830470
molds	853037
moldy	130436
moles	916110
molto	212675
momma	103855
mommy	199935
monad	176645
monde	793635
mondo	174228
money	85660690
monks	4452262
monte	145771
month	33035970
moods	1794155
moody	374193
moons	609852
moors	379190
moose	632053
moped	65559
moral	42391952
mores	866565
moron	129766
morph	105496
morts	66812
mossy	338206
moste	55680
motel	796839
motes	98673
motet	129416
moths	762639
motif	2284081
motor	16529511
motte	54143
motto	1717652
motus	98917
mould	2508460
moult	201432
mound	2154318
mount	3547231
mourn	984919
mouse	6051208
mouth	29389703
moved	38840673
mover	691285
moves	11985961
movie	7151224
mowed	214696
mower	282718
mucho	179457
mucin	187772
mucky	36234
mucus	1371947
muddy	1729508
mudra	85805
mufti	93844
muggy	79718
mulch	353162
mules	1765676
mummy	491971
mumps	295959
munch	76414
muons	84238
mural	866823
murky	515124
mused	739727
muses	265783
mushy	140762
music	41751863
musky	95019
musty	372560
muted	739014
mutes	155524
myoma	61891
myrrh	212794
myths	3267663
nabob	110194
nadir	251281
nails	3071047
naira	57532
naive	2726669
naked	6776169
named	27792802
names	34308774
nance	87632
nanny	275588
nappe	88064
nappy	66180
nares	150437
nasal	3280483
nasty	1624442
natal	518208
nates	57412
naval	7934527
navel	527475
naves	87760
nawab	50612
nears	161252
neath	141688
necks	1373250
needs	56590755
needy	1480984
negro	2765321
neigh	145924
nerdy	24675
nerve	15453008
nests	2037552
never	175195256
nevus	152228
newel	51507
newer	2609330
newly	10984057
newts	62154
nexus	733230
nicer	422202
niche	1654768
nicht	2979072
nicks	82789
nidus	79237
niece	1878942
nifty	75385
niger	193296
night	83610402
nihil	399324
nines	100620
ninja	39974
ninny	47018
ninth	3814328
nitre	187432
nitro	323213
nitty	61991
noble	13671538
nobly	793524
nodal	775721
nodes	5702310
noirs	78035
noise	15440573
noisy	2427465
nomad	309507
nomen	226477
nomic	117226
nomos	65656
nonce	115907
nooks	215219
noose	398268
norma	68980
norms	6606513
north	35509131
nosed	582050
noses	1168869
nosey	28574
notch	1358650
noted	36572706
notes	26180769
nouns	2114316
novae	109177
novel	20147751
novum	55698
nudes	156867
nudge	238315
nulla	229384
nulls	53648
nurse	10379228
nutty	121124
nylon	954829
nymph	502563
oaken	184562
oakum	65534
oared	57854
oases	340771
oasis	635481
oaths	1400541
obese	871380
obeys	569137
objet	237382
oboes	118001
occur	39658207
ocean	10755989
ocher	91730
ochre	401132
octal	136439
octet	159972
oculi	108753
odder	56473
oddly	1043223
odium	345525
odors	825837
odour	1008988
offal	177022
offer	33445902
often	155590701
ogres	69425
ohmic	184420
oiled	532562
oiler	72180
olden	562192
older	27797820
oleic	201432
olive	3383770
ology	52021
ombre	88312
omega	295712
omens	410038
omits	668520
onely	397112
onion	1977485
onset	5970533
ontic	87838
oozed	171784
oozes	115793
opals	53350
opens	6182440
opera	5831092
opine	76077
opium	2261527
opted	1032365
optic	2870963
orang	194474
orbit	4266114
order	166857908
organ	10360247
oriel	56058
ortho	233346
osier	55610
osmic	55605
ostia	55120
other	651163318
otter	502179
ought	28288453
ounce	2404005
outdo	224434
outer	13283136
outgo	66951
outre	174636
outta	184780
ovals	146893
ovary	1471307
ovate	352876
ovens	643698
overs	212108
overt	2567471
ovine	79722
ovoid	314293
ovule	176405
owing	9931991
owned	14598506
owner	17767057
oxide	5992691
ozone	1604299
paced	1157810
paces	1266389
packs	1233054
pacts	249974
paddy	901567
padre	312994
paean	130703
pagan	2717895
paged	121326
pager	115513
pages	23395877
pails	268603
pains	5893954
paint	8664088
pairs	8448580
paise	84006
paled	273776
paler	590354
pales	136420
palms	2493163
palmy	83154
palpi	132102
palps	52746
palsy	976233
pampa	55793
panda	97792
paned	51766
panel	7740878
panes	567629
pangs	613641
panic	4650172
pansy	79123
pants	2549060
panty	64234
papal	2287927
paper	58409178
paras	467575
pardy	80696
pared	311147
parer	12718
pares	101731
paris	89369
parka	132894
parks	3211881
parle	147311
parol	274619
parry	226716
parse	251881
parti	386047
parts	64028760
party	76127465
pasha	150806
passe	422760
pasta	845129
paste	2703272
pasts	167613
pasty	203722
patch	3646407
paten	52827
pater	199868
paths	6371771
patio	838958
patsy	28304
patty	76024
pause	5256385
paved	2023083
paves	107344
pawed	100801
pawns	227040
payed	79524
payee	450002
payer	377300
payor	161256
peace	42683890
peach	1016250
peaks	4158726
peals	183614
pearl	1627535
pears	702456
pease	94231
peats	85013
peaty	106518
pecan	180533
pecks	99258
pedal	914203
pedis	103790
peels	170894
peeps	98400
peers	4404753
pelts	243547
penal	1936053
pence	1011273
pened	51607
penis	2122440
penne	33966
penny	2385648
peons	164696
peony	86017
perch	1013491
perdu	130017
peril	2424875
perks	166916
perky	82477
perse	77835
pesky	93027
pesos	1094325
pesto	64417
pests	1325091
petal	346859
peter	120752
petit	701260
petri	140131
petty	4041513
phage	726695
phase	32385500
phial	139925
phlox	60986
phone	12952440
phony	412125
photo	4551707
phyla	137184
piano	5765563
picks	1556983
picky	83888
piece	31061886
piers	1050390
piety	3811866
piezo	61941
piggy	94934
pigmy	87497
pikes	276538
piled	2214638
piles	2366947
pills	1605949
pilot	6863272
pimps	152867
pinch	1323043
pined	135699
pines	1467614
piney	36063
pinks	195612
pinky	64741
pinna	124746
pinon	56510
pinto	87451
pints	425741
pions	108620
pious	4053052
piped	476655
piper	193682
pipes	4296074
pipet	155675
pique	266995
pitch	7070061
pithy	229447
pivot	1064689
pixel	1227434
pixie	40276
pizza	915118
place	190221576
plaid	377490
plain	19230612
plait	167808
plane	21026924
plank	1288861
plans	26490044
plant	35668852
plasm	193288
plate	18994593
plats	118582
platy	54797
playa	73869
plays	16296466
plaza	908229
plead	2021108
pleas	1085465
pleat	60961
plebs	127779
plena	80689
plied	500591
plier	18777
plies	213568
plots	4418011
plows	281426
ploys	85817
pluck	828086
plugs	823024
plumb	442868
plume	881257
plump	1005879
plums	493401
plunk	34931
plush	397161
poach	58240
poems	11109131
poesy	139744
poets	7676236
point	157442723
poise	623897
poked	672244
poker	957269
pokes	120396
polar	3662797
poled	69151
poles	4578677
polio	471645
polis	372440
polka	173966
polls	1808767
polyp	262105
pombe	57203
pomps	65217
ponds	1623533
pooch	27495
poods	59933
pools	2671624
popes	770396
poppy	436122
porch	3558622
pored	134865
pores	1680410
porno	72485
porta	157875
ports	6382614
posed	4129775
poser	66811
poses	2032078
posit	507686
posse	485183
posts	6063815
potty	122030
pouch	1198444
pound	7246939
pours	750874
pouty	22258
power	170067726
prana	114422
prank	183110
prate	73880
prawn	122828
prays	736767
preen	49860
press	27961530
prest	59844
preys	102615
price	53911253
prick	525312
pride	12677788
pried	195871
prima	1689817
prime	9172523
primi	111603
primo	330853
print	11963485
prion	103815
prior	24624975
prise	219585
prism	1504671
privy	1162471
prize	5212526
probe	3773818
prods	72129
promo	50609
prone	3560243
prong	231263
proof	19065760
props	790371
prose	5831467
prosy	59254
proto	668504
proud	10341865
prove	23658172
prowl	181010
prows	66258
proxy	1738666
prude	73871
prune	328800
psalm	758177
pseud	106121
psoas	157297
psych	83027
pubes	103453
pubic	557820
pubis	344394
pudgy	121640
puffs	459377
puffy	279908
pulls	1698013
pulps	154600
pulpy	124567
pulse	8494492
pumps	2440839
punch	2193843
punks	93497
punto	176636
pupae	278084
pupal	190970
pupil	7577971
puppy	1023253
puree	262521
purer	771682
purge	1080607
purse	2829759
purty	56512
pushy	123192
pussy	286204
putti	63363
putts	55425
putty	296844
pygmy	137109
pylon	107938
quack	312380
quads	71400
quail	582300
quake	275736
quale	268364
qualm	77957
quant	161473
quare	81848
quark	371666
quart	1010260
quash	174069
quasi	3645387
quays	231250
qubit	50438
queen	8280105
queer	2196147
quell	450946
quern	160405
query	3549225
quest	4244326
queue	1662673
quick	14767881
quiet	17493483
quill	427465
quilt	963239
quips	99336
quire	161446
quirk	135625
quite	83533939
quits	346755
quoad	83193
quota	2110297
quote	5220659
quoth	401870
rabbi	1049544
rabid	325899
raced	1427898
racer	164670
races	7093005
racks	682210
radar	2426712
radii	961180
radio	15849654
radix	139788
radon	335587
rafts	487980
ragas	61792
raged	1142425
rages	349896
raids	2033454
rails	2170059
rains	2604999
rainy	1946869
raise	17755071
rajah	131580
rajas	109691
raked	451584
rakes	190252
rales	199230
rally	1913972
ralph	12500
ramen	12653
ramps	298968
ramus	388793
ranch	2422632
randy	40571
ranee	59623
range	55233168
rangy	54642
ranks	8287953
rants	58531
raped	884580
rapes	272113
raphe	183945
rapid	20727457
rarer	637555
rares	50890
raspy	97167
rated	3571337
rater	232926
rates	36798218
ratio	24581072
ratty	57402
raved	164739
raven	548657
raves	87890
rayed	155892
rayon	412451
razed	322135
razor	1067129
reach	30974397
react	4725440
reads	5955545
ready	38440894
realm	8402542
reals	151525
reams	137190
reaps	117973
rearm	58349
rears	189701
rebar	41181
rebbe	66374
rebel	3256756
rebus	286713
rebut	250079
recal	95533
recap	95315
recit	51445
recon	108646
recta	110895
recti	125335
recto	196915
recur	1137781
recut	38509
redox	549671
reeds	1004952
reedy	111479
reefs	1158310
reeks	68783
reels	443621
reeve	91914
refer	17108910
refit	133554
regal	765708
rehab	129371
reify	64607
reign	11303945
reins	1548226
relax	3028328
relay	1871995
relic	1037035
remit	631782
renal	6521328
rends	68933
renew	2156419
renin	473757
rents	3122667
repay	1706124
repel	982343
reply	13904694
repos	77624
rerun	123862
reset	940987
resin	2532085
resto	52286
rests	5940471
retch	34242
retro	217523
retry	66928
reuse	821495
revel	383268
revue	262938
rhino	180659
rhyme	1709036
rials	74554
ricin	52347
rider	1998608
rides	1581479
ridge	5063669
riffs	51803
rifle	4067811
rifts	180849
right	189697737
rigid	7421017
rigor	810111
riled	85241
rills	135635
rimes	114258
rinds	66665
rings	5805611
rinks	51187
rinse	661854
riots	2158864
ripen	532166
riper	124672
risen	4894819
riser	259630
rises	7474728
risks	8810994
risky	1855292
rites	3850813
rival	6609875
rived	53141
riven	197754
river	37318531
rivet	424956
roach	172150
roads	11596241
roams	99214
roars	311851
roast	1294306
robed	393512
robes	1993195
robin	461980
robot	1755921
rocks	15007166
rocky	3112887
rodeo	235571
roger	23655
rogue	742913
roles	12382601
rolls	3452188
roman	483454
rondo	101735
roofs	2326342
rooks	158702
rooms	15555114
roomy	251920
roost	374785
roots	13514433
roped	180554
ropes	1940810
roses	2951194
rosin	244751
rotor	1711295
rouge	362625
rough	11725729
round	41002882
rouse	928776
route	14213114
routs	55783
roved	97567
rover	133754
rowan	51445
rowdy	252564
rowed	675807
rower	54801
royal	15518586
ruble	176309
ruddy	597603
ruder	143603
ruffs	53517
rugby	317334
ruins	5088020
ruled	8071512
ruler	5767917
rules	41007976
rumba	45100
rumen	290995
rumor	1233127
runes	150019
rungs	246182
runic	86015
runny	127904
rupee	488377
rural	20208073
ruses	75149
russe	77893
rusts	96411
rusty	995935
ryots	139008
saber	285539
sable	463318
sabre	308282
sacks	980089
sacra	176749
sadhu	55770
sadly	2568273
safer	2310188
safes	116612
sagas	250773
sages	1110706
sahib	128075
sails	2241175
saint	3892140
saith	1757302
sakes	346828
sakti	63897
salad	2089139
sales	23330629
salle	89809
sally	364816
salon	986131
salsa	228737
salts	4630933
salty	574289
salve	250245
salvo	210938
samba	90336
sands	2142326
sandy	3391666
saner	98071
santo	75325
sappy	47807
saris	83111
sassy	71970
sated	168253
satin	1227872
satis	225565
satyr	175139
sauce	3221084
saucy	223877
sauna	251204
saute	263707
saved	12780479
saver	218384
saves	1608124
savor	368603
savoy	9438
savvy	350986
sawed	385200
scabs	190948
scala	120066
scald	108497
scale	39756627
scalp	1512602
scaly	385028
scamp	98476
scams	84414
scand	82203
scans	1047797
scant	1290923
scape	177864
scare	1266065
scarf	963685
scarp	197036
scars	1433074
scary	695479
scene	27625198
scent	2499247
schwa	68135
scion	333393
scoff	206630
scold	365908
scone	38184
scoop	609599
scoot	57595
scope	14082307
score	11720087
scorn	2298866
scour	343833
scout	975059
scowl	313686
scram	25926
scrap	2018113
scree	102581
screw	3690816
scrip	243420
scrub	1174848
scrum	77364
scuba	220482
scudi	93720
scull	50636
seals	2314411
seams	1113599
seamy	72645
seats	7488631
sebum	74400
sects	1959425
sedan	442975
seder	59797
sedge	198823
seeds	8879012
seedy	213073
seeks	6926726
seems	78734524
seeps	152209
seers	382426
segue	46958
seine	801321
seize	3708697
sella	140371
sells	2491616
semen	882451
sends	4122311
senna	81031
senor	189353
sensa	58996
sense	96600416
senti	53255
senza	183975
sepia	165457
sepoy	75750
septa	398753
serai	61281
serfs	769890
serge	159266
serif	137539
serum	7602829
serve	32518026
servo	359573
setae	525482
setts	60397
setup	1821145
seven	37336693
sever	588369
sewed	553253
sewer	1262854
sexed	141423
sexes	3614047
shack	644682
shade	6648874
shady	1027429
shaft	5914362
shake	4940799
shaky	795110
shale	1565896
shall	167864969
shalt	2430289
shaly	92161
shame	6695419
shams	99853
shank	416285
shape	28476298
shard	66471
share	38505696
shark	1081826
sharp	15796572
shave	734785
shawl	884642
sheaf	371275
shear	4505445
sheds	1260691
sheen	426752
sheep	10144883
sheer	4465355
sheet	13627838
sheik	114997
shelf	3891808
shell	10241707
sherd	218111
shewn	982409
shews	607710
shied	198176
shift	16084297
shims	71647
shine	2665563
shins	169560
shiny	1539990
ships	19010818
shire	545262
shirk	233217
shirt	6418957
shite	51762
shoal	351899
shock	11654370
shoes	8384812
shone	2559916
shook	10570621
shoot	5972537
shops	6632707
shore	12446394
shorn	476239
short	82241320
shots	3823056
shout	2728778
shove	541373
shown	81855112
shows	55993563
showy	507880
shred	341583
shrew	190809
shrub	1131020
shrug	738784
shuck	48036
shuns	120533
shunt	1189616
shush	27304
shuts	497480
shyly	373731
sided	3523410
sider	67618
sides	26120502
siege	4449269
sieur	76907
sieve	996536
sighs	847947
sight	25779840
sigma	322017
signa	65685
signs	20569610
silex	65318
silks	702770
silky	553416
sills	308607
silly	3462372
silos	239407
silts	141625
silty	283131
simul	172657
since	137978045
sines	118616
sinew	227303
singe	69393
sings	1675069
sinks	1470197
sinus	2532050
sired	148697
siren	522215
sires	198948
sirup	95422
sisal	151400
sissy	114885
sited	351593
sites	18721459
situs	212346
sixes	105099
sixth	7793158
sixty	10931981
sized	4774682
sizes	7193230
skate	353964
skein	171256
skids	116120
skied	60183
skier	166918
skies	2108490
skiff	271819
skill	15508570
skimp	42817
skims	55653
skins	2854065
skips	214661
skirt	2479968
skits	115462
skulk	48753
skull	4570441
skunk	270538
slabs	1362141
slack	1399953
slags	149623
slain	2817830
slake	91612
slams	119737
slang	869558
slant	736984
slaps	184717
slash	643129
slate	1887629
slats	245028
slaty	122087
slave	13441735
slays	128658
sleds	178156
sleek	658665
sleep	23711525
sleet	292260
slept	5315583
slice	2269872
slick	673779
slide	5236930
slime	596759
slimy	439335
sling	678249
slink	87442
slips	1671082
slits	616122
sloop	627052
slope	8787470
slops	83178
slosh	37558
sloth	419647
slots	1114453
slows	654090
slugs	330623
slump	654845
slums	978044
slung	706178
slunk	162878
slurp	29480
slurs	133168
slush	226090
slyly	256774
smack	498328
small	165455401
smart	4136669
smash	757459
smear	856099
smell	7261922
smelt	489321
smile	15900474
smirk	219050
smite	302840
smith	517102
smock	189694
smoke	10759086
smoky	642945
smote	463017
snack	817358
snags	157035
snail	800936
snake	3673522
snaky	53933
snaps	355104
snare	732925
snarl	254080
sneak	735700
sneer	611979
snide	83092
sniff	391092
snipe	215717
snips	53878
snobs	99375
snoop	60852
snore	156534
snort	283083
snout	579255
snows	690100
snowy	951862
snuck	113986
snuff	707563
soaks	119271
soaps	513504
soapy	198072
soars	215732
sober	2988589
socks	1320678
sodas	111552
sodic	83168
sofas	266434
soggy	253633
soils	6682633
solar	6864874
soldi	55403
soled	115664
soles	814792
solid	21229909
solos	296592
solum	216746
solus	80084
solve	9395963
sonar	318705
songs	10135712
sonic	386880
sonne	157689
sonny	66741
sooth	195990
sooty	219529
sopra	172636
sores	736508
sorry	10926924
sorta	67006
sorts	7876116
souls	8981036
sound	44780950
soups	467235
south	33040579
sowed	387440
sower	132130
space	57650033
spade	814959
spake	979968
spank	88130
spans	1180671
spare	5881003
spark	2789451
spars	298783
spasm	1171597
spate	315842
spats	64324
spawn	521783
speak	40549975
spear	2070611
speck	512972
specs	132439
spect	93159
speed	26794099
spell	4465966
spelt	486328
spend	15256917
spent	29429446
sperm	2602523
spice	760952
spick	52426
spicy	520030
spied	484430
spiel	63968
spies	1468485
spike	1137382
spiky	136791
spill	1151429
spilt	271505
spina	227895
spine	4327065
spins	794992
spiny	291045
spire	684883
spite	17489784
spits	252803
splat	56461
splay	85090
split	9915650
spoil	1885819
spoke	24235219
spoof	84000
spook	95051
spool	368727
spoon	1857691
spoor	104340
spore	760139
sport	6188605
spots	6367769
spout	464020
spray	3437756
spree	251135
sprig	208396
sprue	153932
spunk	73212
spurn	163365
spurs	1042863
spurt	421965
sputa	50741
squad	1494634
squat	640025
squaw	269311
squib	58843
squid	393214
stabs	179277
stack	3306240
stade	50507
staff	32561687
stage	50174471
stags	174941
staid	552700
stain	2789091
stair	881012
stake	4738415
stale	1064788
stalk	1478066
stall	1487176
stamp	3750413
stand	38479301
stank	129857
stare	2584764
stark	1574202
stars	13710484
start	36001403
stash	133771
state	183421651
stats	112560
stave	395254
stays	2347776
stead	1220726
steak	963839
steal	3044209
steam	11925213
steed	565391
steel	19269839
steep	5435541
steer	1442579
stein	79304
stela	111974
stele	245392
stems	4547215
stent	398368
steps	28159500
stern	4160306
stets	64926
stews	170812
stick	9149223
stiff	4487813
stile	328870
still	190009544
stilt	74762
sting	1286593
stink	420107
stint	482854
stipe	69139
stirs	510549
stock	34827101
stoic	283726
stoke	79730
stole	2263386
stoma	217895
stomp	106175
stone	26697825
stony	1134853
stood	39175590
stool	2146628
stoop	740458
stope	66777
stops	4767556
stopt	90630
store	19358003
stork	189534
storm	10263578
story	61622885
stout	2473681
stove	2857005
strap	1143111
straw	4326483
stray	1607808
strep	66265
strew	119187
stria	131504
strip	6054813
strut	438811
stubs	218597
stuck	5869786
studs	522484
study	107530825
stuff	8434214
stump	1304580
stung	757476
stunk	36257
stunt	461041
stupa	222189
style	36882749
stylo	66523
suave	245609
sucks	310616
suede	148554
sugar	16351893
suing	417917
suite	2577522
suits	4395988
sulci	125815
sulfa	89093
sulky	271253
sully	95652
sulph	50376
sumac	94721
summa	167511
sunny	2216813
sunup	57616
super	3272026
supra	6295868
sural	57715
surer	375375
sures	51131
surge	1791792
surly	350393
sushi	142508
sutra	305253
swabs	169527
swags	53859
swain	115699
swami	40684
swamp	1808178
swans	445663
swaps	264853
sward	191478
swarm	1080413
swash	58794
swath	193394
sways	157896
swear	2955278
sweat	3803366
sweep	3632030
sweet	14258113
swell	2285949
swept	6446146
swift	3362914
swill	71560
swims	336272
swine	1187518
swing	4426923
swipe	138708
swirl	457037
swish	182296
swoon	234322
swoop	299550
sword	9130579
swore	1881281
sworn	2576641
swung	3333643
synch	64755
synod	742236
syrup	1342470
tabby	109770
tabes	133399
table	54271637
taboo	1095017
tacit	1336582
tacks	254519
tacky	161052
tacos	75167
taels	154038
taffy	54043
taiga	115084
tails	2017713
tains	117515
taint	639437
taken	120408873
taker	416626
takes	41397474
takin	144574
tales	5736946
talks	5935799
tally	636300
talon	55313
taluk	125544
talus	305806
tamed	534472
tamer	111531
tango	178651
tangy	75929
tanks	4928894
tanto	438074
tapas	106305
taped	743526
taper	797621
tapes	1914040
tapir	84010
tardy	444193
tares	185588
tarot	77222
tarry	401319
tarsi	189025
tarts	154990
tasks	14546981
taste	17184248
tasty	522779
tatty	33593
taunt	320798
tawny	418334
taxed	2451702
taxes	16785804
taxis	413761
taxon	229462
teach	14525709
teams	6459510
tears	13160374
teary	65835
tease	674554
teats	140180
teddy	238824
teems	105639
teens	1542143
teeny	59260
teeth	15679033
telex	250759
telic	57357
tells	16216837
telly	61609
telos	154672
tempi	111333
tempo	1645922
temps	995370
tempt	965928
tends	10968553
tenet	600439
tenia	64269
tenon	133042
tenor	1944453
tense	4146883
tenth	4946359
tents	2450454
tenue	56876
tepee	122486
tepid	344003
teres	187415
terms	88889348
terns	227523
terra	1014997
terry	86015
terse	445999
testa	119500
teste	72719
tests	24257323
testy	110676
tetra	105834
texts	12567309
thana	54323
thane	78294
thank	10541211
thaws	72650
theca	119749
theft	2762061
thein	59997
their	1036335585
theme	13982159
there	584153991
these	511507051
theta	244014
thick	18071482
thief	2207835
thigh	2248221
thine	2265197
thing	85241103
think	136579228
thins	116129
thiol	159777
third	65539138
thole	75769
thong	224479
thorn	952977
those	323533961
three	220920193
threw	9988252
throb	373575
throe	71758
throw	11397769
thrum	41975
thuds	50983
thugs	316186
thumb	4248482
thump	381930
thyme	455990
tiara	176502
tibia	911874
tical	102296
ticks	557364
tidal	2093587
tided	55533
tides	1698012
tiers	703056
tiger	1888596
tight	7958540
tilde	49229
tiled	526430
tiles	1813676
tills	128500
tilth	73817
tilts	194929
timed	1172154
timer	866060
times	103128615
timid	1902606
tinea	135405
tines	148030
tinge	784584
tings	51146
tinny	69896
tints	738904
tipsy	195791
tired	9978779
tires	1546161
titan	64579
titer	378836
tithe	655041
title	29221151
titre	308945
toads	328906
toast	1656585
today	42168795
toddy	139143
toile	50105
toils	548091
token	3466637
tolls	659016
tombs	2088256
tomes	152247
tommy	61292
tonal	958262
toned	662144
toner	124534
tones	4752558
tonga	43136
tongs	389283
tonic	1593775
tonne	289508
tonus	155309
tools	16246668
tooth	5071931
topaz	156417
topic	10404006
topoi	74029
topos	170388
torch	1631800
torso	785817
torts	350759
torus	249868
total	74451658
totem	506705
touch	20225959
tough	5453866
tours	1997657
touts	71392
towed	562033
towel	1832869
tower	7031050
towns	16526177
toxic	4614654
toxin	1390178
toyed	239710
trace	11011266
track	13125512
tract	8263377
trade	62436843
tragi	112568
trail	6593477
train	19283849
trait	3332754
tramp	883213
trams	200033
trans	5931662
traps	2012180
trash	1541114
trawl	183657
trays	934379
tread	1639294
treat	12951787
treed	50948
trees	31333275
treks	81464
trend	10612723
tress	82064
triad	856851
trial	26359017
tribe	7654323
trice	94458
trick	3922790
tried	41000521
trier	163668
tries	5927658
trill	199977
trims	86955
trine	96510
trios	111894
tripe	117502
trips	4190351
trite	389029
trois	528271
troll	146574
troop	2125008
trope	373675
troth	161753
trots	89445
trout	2574938
trove	160587
truce	1559089
truck	6557315
truer	733652
truly	17916001
trump	469929
trunk	5904207
truss	747089
trust	26612038
truth	53562106
tryst	113661
tsars	64510
tubal	322029
tuber	363280
tubes	6919411
tucks	100295
tuffs	137326
tufts	523182
tulip	298640
tulle	87731
tumid	55454
tummy	195064
tumor	7549678
tuned	1513603
tuner	141329
tunes	1359006
tunic	804955
tuple	317478
turbo	190490
turns	14477566
tusks	414886
tutor	2004579
tutti	262267
twain	288677
twang	136100
tweak	91700
tweed	261512
tween	449286
tweet	18647
twice	17131793
twigs	1212239
twill	238087
twine	472848
twins	2615635
twirl	103458
twist	2556892
twixt	126607
tying	1422613
typed	1628205
types	47652574
typos	53467
tyres	314564
udder	233440
ukase	58761
ulama	218878
ulcer	1994882
ulema	78661
ulnar	647197
ultra	1928812
umber	159897
umbra	100114
unary	107079
uncle	7385558
uncut	314237
under	267565408
undid	211044
undue	2405320
unfed	47080
unfit	1880153
unify	579575
union	26626686
unite	4133534
units	30734389
unity	16831610
unlit	130565
unmet	235887
unset	37572
untie	191558
until	126326670
unwed	180218
unzip	34360
upped	78731
upper	33176663
upset	5528076
urate	162800
urban	21052887
urged	9392213
urges	1708057
urine	7316516
usage	7547600
users	12263889
usher	563536
using	86342242
usque	255449
usual	28670246
usurp	386405
usury	575343
uteri	290690
utile	138528
utter	5017583
uveal	74419
uvula	132691
vacua	53358
vagal	289812
vague	6481621
vagus	503719
vales	186454
valet	682902
valid	11807564
valor	815320
value	118825330
valve	8026731
vanes	292730
vapid	137493
vapor	4209525
varas	55991
varia	87363
varna	95141
varus	137224
vases	1134647
vault	1874503
vaunt	70598
veers	92246
vegan	65935
veils	523967
veins	5950643
velar	130981
veldt	79205
velum	140565
venae	62656
venal	247846
venom	831277
vents	488735
venue	971894
verbs	3487366
verge	1800360
verry	56132
verse	10957532
verso	397288
vertu	182495
verve	180383
vests	367040
vetch	106775
vexed	985894
vials	374065
vibes	75552
vicar	1014367
vices	2114704
video	7743957
views	28359470
vigil	481957
vigor	2357360
villa	1664393
villi	365083
vines	1761295
vinyl	938870
viola	308743
viols	62675
viper	234810
viral	2568353
vires	285701
virtu	89276
virus	8882994
visas	492490
visit	29571547
visor	189839
vista	634467
visto	94839
vitae	297256
vital	13775599
vitro	3796087
vivid	4643631
vixen	77320
vocal	4003759
voces	56602
vodka	551739
vogue	1357836
voice	50102160
voids	577446
voila	75469
voile	63490
volar	147540
voles	126310
volta	104277
volte	141557
volts	1975192
vomer	83565
vomit	565300
voted	5746859
voter	1710158
votes	7873784
vouch	285428
voulu	93386
vowed	1097735
vowel	2460041
voxel	107988
vulgo	54092
vulva	471977
vying	227275
wacky	72923
waded	394936
wadis	59353
wafer	722488
wafts	56126
waged	1483398
wager	580590
wages	15124461
wagon	4226471
waifs	76997
wails	165866
waist	3763689
waits	1359702
waive	626042
waked	262485
waken	204088
wakes	692350
walks	4735804
walls	25778074
waltz	450901
wands	115172
waned	492663
wanes	130915
wanly	57260
wanna	415107
wants	19826568
wards	1767625
wares	1584996
warms	345462
warns	1158711
warps	161922
warre	87776
warts	453631
warty	88287
washy	58400
wasps	484072
waste	15374487
watch	18799972
water	161358466
watts	640758
waved	3069440
waver	316064
waves	14012843
waxed	718826
waxen	149466
waxes	315375
wazir	53612
wears	2386474
weary	4470094
weave	1387696
wedge	2031893
weeds	2618778
weedy	191753
weeks	32506470
weeps	282042
weigh	2958785
weird	1765403
weirs	171436
welch	15429
welds	347697
wells	3775247
welsh	10986
welts	79616
wench	266596
whack	194190
whale	2155644
wharf	974681
wheal	70985
wheat	9693377
wheel	9523160
whelp	65766
where	303692519
which	1557215562
whiff	314726
whigs	150132
while	190092977
whims	546002
whine	406809
whiny	39462
whips	479141
whirl	638131
whirr	71596
whisk	317805
whist	206732
white	83226835
whole	130046371
whoop	233699
whore	777398
whorl	318910
whose	96249413
whoso	188668
wicks	115131
widen	885703
wider	9964659
widow	6013333
width	9801531
wield	686935
wight	134056
wilds	459653
wiles	291585
wills	2199143
willy	202362
wimpy	28933
wince	199976
winch	355594
winds	6879684
windy	673184
wines	2240829
wings	8540647
winks	148889
wiped	2786480
wiper	126054
wipes	259780
wired	1119213
wires	4067415
wiser	1817383
wisps	221170
wispy	130550
witch	2254009
witty	1413989
wives	8531610
woful	74617
woken	245487
woman	77514380
wombs	80529
women	131838724
woods	8920540
woody	909860
wooed	240562
wooer	48102
wools	143162
wooly	43723
woozy	40445
words	109178101
wordy	182626
works	56228680
world	196223660
worms	2343312
worry	8814754
worse	17123735
worst	11854854
worth	29047792
would	726248425
wound	10182706
woven	2754517
wrack	86507
wraps	539336
wrapt	175638
wrath	3415798
wreak	270416
wreck	2003938
wrens	79685
wrest	441842
wring	329091
wrist	3203830
write	37667935
writs	658320
wrong	33151606
wrote	50317109
wroth	115347
wrung	621801
wryly	328624
xenon	213128
xylem	367737
xylol	64263
yacht	1204921
yamen	57215
yards	9824659
yarns	661228
yawns	121903
yearn	361665
years	272448334
yeast	2635469
yells	529511
yelps	51297
yield	17716563
yogic	132039
yogin	55997
yogis	84258
yoked	214296
yokes	135403
yolks	335003
young	101306436
yours	7682776
youth	21224030
yucca	126232
zakat	73877
zazen	56024
zebra	322318
zesty	21299
zonal	436905
